INSERT INTO instituciones (nombre, estado, telefono, direccion) VALUES
('Alcaldía Municipal de San Miguel', 'Activo', '2661-0515', '2A Avenida Norte, San Miguel'),
('Alcaldía Municipal de Cojutepeque', 'Activo', '2379-3900', '6A Avenida Sur, Cojutepeque'),
('Alcaldía Municipal de Zaragoza', 'Activo', '2349-0900', '2A Calle Poniente y Avenida España Sur, Zaragoza');


INSERT INTO usuarios (email, nombre, password, institucion_id_fk) VALUES
('admin@sanmiguel.com', 'administrador de San Miguel', '123456', 1),
('admin@cojutepeque.com', 'administrador de Cojutepeque', '123456', 2),
('admin@zaragoza.com', 'administrador de Zaragoza', '123456', 3);

INSERT INTO municipios (id, municipio_departamento) VALUES
(101, 'San Salvador, San Salvador'),
(102, 'Ciudad Delgado, San Salvador'),
(103, 'Mejicanos, San Salvador'),
(104, 'Soyapango, San Salvador'),
(105, 'Cuscatancingo, San Salvador'),
(106, 'San Marcos, San Salvador'),
(107, 'Ilopango, San Salvador'),
(108, 'Nejapa, San Salvador'),
(109, 'Apopa, San Salvador'),
(110, 'San Martin, San Salvador'),
(111, 'Panchimalco, San Salvador'),
(112, 'Aguilares, San Salvador'),
(113, 'Tonacatepeque, San Salvador'),
(114, 'Santo Tomas, San Salvador'),
(115, 'Santiago Texacuangos, San Salvador'),
(116, 'El Paisnal, San Salvador'),
(117, 'Guazapa, San Salvador'),
(118, 'Ayutuxtepeque, San Salvador'),
(119, 'Rosario De Mora, San Salvador'),
(201, 'Santa Ana, Santa Ana '),
(202, 'Chalchuapa, Santa Ana '),
(203, 'Metapan, Santa Ana '),
(204, 'Coatepeque, Santa Ana '),
(205, 'El Congo, Santa Ana '),
(206, 'Texistepeque, Santa Ana '),
(207, 'Candelaria De La Frontera, Santa Ana '),
(208, 'San Sebastian Salitrillo, Santa Ana '),
(209, 'Santa Rosa Guachipilin, Santa Ana '),
(210, 'Santiago De La Frontera, Santa Ana '),
(211, 'El Porvenir, Santa Ana '),
(212, 'Masahuat, Santa Ana '),
(213, 'San Antonio Pajonal, Santa Ana '),
(301, 'San Miguel, San Miguel'),
(302, 'Chinameca, San Miguel'),
(303, 'El Transito, San Miguel'),
(304, 'Ciudad Barrios, San Miguel'),
(305, 'Chirilagua, San Miguel'),
(306, 'Sesori, San Miguel'),
(307, 'San Rafael Oriente, San Miguel'),
(308, 'Moncagua, San Miguel'),
(309, 'Lolotique, San Miguel'),
(310, 'San Jorge, San Miguel'),
(311, 'Chapeltique, San Miguel'),
(312, 'San Gerardo, San Miguel'),
(313, 'Carolina, San Miguel'),
(314, 'Quelepa, San Miguel'),
(315, 'San Luis De La Reina, San Miguel'),
(316, 'Nuevo Eden De San Juan, San Miguel'),
(317, 'Nueva Guadalupe, San Miguel'),
(318, 'Uluazapa, San Miguel'),
(319, 'Comacaran, San Miguel'),
(320, 'San Antonio Del Mosco, San Miguel'),
(401, 'Santa Tecla, La Libertad'),
(402, 'Quezaltepeque, La Libertad'),
(403, 'Ciudad Arce, La Libertad'),
(404, 'San Juan Opico, La Libertad'),
(405, 'Colon, La Libertad'),
(406, 'La Libertad, La Libertad'),
(407, 'Antiguo Cuscatlan, La Libertad'),
(408, 'Comasagua, La Libertad'),
(409, 'San Pablo Tacachico, La Libertad'),
(410, 'Jayaque, La Libertad'),
(411, 'Huizucar, La Libertad'),
(412, 'Tepecoyo, La Libertad'),
(413, 'Teotepeque, La Libertad'),
(414, 'Chiltiupan, La Libertad'),
(415, 'Nuevo Cuscatlan, La Libertad'),
(416, 'Tamanique, La Libertad'),
(417, 'Sacacoyo, La Libertad'),
(418, 'San Jose Villanueva, La Libertad'),
(419, 'Zaragoza, La Libertad'),
(420, 'Talnique, La Libertad'),
(421, 'San Matias, La Libertad'),
(422, 'Jicalapa, La Libertad'),
(501, 'Usulutan, Usulutan'),
(502, 'Jiquilisco, Usulutan'),
(503, 'Berlin, Usulutan'),
(504, 'Santiago De Maria, Usulutan'),
(505, 'Jucuapa, Usulutan'),
(506, 'Santa Elena, Usulutan'),
(507, 'Jucuaran, Usulutan'),
(508, 'San Agustin, Usulutan'),
(509, 'Ozatlan, Usulutan'),
(510, 'Estanzuelas, Usulutan'),
(511, 'Mercedes Umaña, Usulutan'),
(512, 'Alegria, Usulutan'),
(513, 'Concepcion Batres, Usulutan'),
(514, 'San Francisco Javier, Usulutan'),
(515, 'Puerto El Triunfo, Usulutan'),
(516, 'Tecapan, Usulutan'),
(517, 'San Dionisio, Usulutan'),
(518, 'Ereguayquin, Usulutan'),
(519, 'Santa Maria, Usulutan'),
(520, 'Nueva Granada, Usulutan'),
(521, 'El Triunfo, Usulutan'),
(522, 'San Buenaventura, Usulutan'),
(523, 'California, Usulutan'),
(601, 'Sonsonate, Sonsonate'),
(602, 'Izalco, Sonsonate'),
(603, 'Acajutla, Sonsonate'),
(604, 'Armenia, Sonsonate'),
(605, 'Nahuizalco, Sonsonate'),
(606, 'Juayua, Sonsonate'),
(607, 'San Julian, Sonsonate'),
(608, 'Sonzacate, Sonsonate'),
(609, 'San Antonio Del Monte, Sonsonate'),
(610, 'Nahuilingo, Sonsonate'),
(611, 'Cuisnahuat, Sonsonate'),
(612, 'Santa Catarina Masahuat, Sonsonate'),
(613, 'Caluco, Sonsonate'),
(614, 'Santa Isabel Ishuatan, Sonsonate'),
(615, 'Salcoatitan, Sonsonate'),
(616, 'Santo Domingo De Guzman, Sonsonate'),
(701, 'La Union, La Union'),
(702, 'Santa Rosa De Lima, La Union'),
(703, 'Pasaquina, La Union'),
(704, 'San Alejo, La Union'),
(705, 'Anamoros, La Union'),
(706, 'El Carmen, La Union'),
(707, 'Conchagua, La Union'),
(708, 'El Sauce, La Union'),
(709, 'Lislique, La Union'),
(710, 'Yucuaiquin, La Union'),
(711, 'Nueva Esparta, La Union'),
(712, 'Poloros, La Union'),
(713, 'Bolivar, La Union'),
(714, 'Concepcion De Oriente, La Union'),
(715, 'Intipuca, La Union'),
(716, 'San Jose Las Fuentes, La Union'),
(717, 'Yayantique, La Union'),
(718, 'Meanguera Del Golfo, La Union'),
(801, 'Zacatecoluca, La Paz'),
(802, 'Santiago Nonualco, La Paz'),
(803, 'San Juan Nonualco, La Paz'),
(804, 'San Pedro Masahuat, La Paz'),
(805, 'Olocuilta, La Paz'),
(806, 'San Pedro Nonualco, La Paz'),
(807, 'San Francisco Chinameca, La Paz'),
(808, 'San Juan Talpa, La Paz'),
(809, 'El Rosario, La Paz'),
(810, 'San Rafael Obrajuelo, La Paz'),
(811, 'Santa Maria Ostuma, La Paz'),
(812, 'San Luis Talpa, La Paz'),
(813, 'San Antonio Masahuat, La Paz'),
(814, 'San Miguel Tepezontes, La Paz'),
(815, 'San Juan Tepezontes, La Paz'),
(816, 'Tapalhuaca, La Paz'),
(817, 'Cuyultitan, La Paz'),
(818, 'Paraiso De Osorio, La Paz'),
(819, 'San Emigdio, La Paz'),
(820, 'Jerusalen, La Paz'),
(821, 'Mercedes La Ceiba, La Paz'),
(822, 'San Luis La Herradura, La Paz'),
(901, 'Chalatenango, Chalatenango'),
(902, 'Nueva Concepcion, Chalatenango'),
(903, 'La Palma, Chalatenango'),
(904, 'Tejutla, Chalatenango'),
(905, 'La Reina, Chalatenango'),
(906, 'Arcatao, Chalatenango'),
(907, 'San Ignacio, Chalatenango'),
(908, 'Dulce Nombre De Maria, Chalatenango'),
(909, 'Citala, Chalatenango'),
(910, 'Agua Caliente, Chalatenango'),
(911, 'Concepcion Quezaltepeque, Chalatenango'),
(912, 'Nueva Trinidad, Chalatenango'),
(913, 'Las Vueltas, Chalatenango'),
(914, 'Comalapa, Chalatenango'),
(915, 'San Rafael, Chalatenango'),
(916, 'Las Flores, Chalatenango'),
(917, 'Ojos De Agua, Chalatenango'),
(918, 'Nombre De Jesus, Chalatenango'),
(919, 'Potonico, Chalatenango'),
(920, 'San Francisco Morazan, Chalatenango'),
(921, 'Santa Rita, Chalatenango'),
(922, 'La Laguna, Chalatenango'),
(923, 'San Isidro Labrador, Chalatenango'),
(924, 'San Antonio De La Cruz, Chalatenango'),
(925, 'El Paraiso, Chalatenango'),
(926, 'San Miguel De Mercedes, Chalatenango'),
(927, 'San Luis Del Carmen, Chalatenango'),
(928, 'San Jose Cancasque, Chalatenango'),
(929, 'San Antonio Los Ranchos, Chalatenango'),
(930, 'El Carrizal, Chalatenango'),
(931, 'San Fernando, Chalatenango'),
(932, 'Azacualpa, Chalatenango'),
(933, 'San Francisco Lempa, Chalatenango'),
(1001, 'Cojutepeque, Cuscatlan'),
(1002, 'Suchitoto, Cuscatlan'),
(1003, 'San Pedro Perulapan, Cuscatlan'),
(1004, 'San Jose Guayabal, Cuscatlan'),
(1005, 'Tenancingo, Cuscatlan'),
(1006, 'San Rafael Cedros, Cuscatlan'),
(1007, 'Candelaria, Cuscatlan'),
(1008, 'El Carmen, Cuscatlan'),
(1009, 'Monte San Juan, Cuscatlan'),
(1010, 'San Cristobal, Cuscatlan'),
(1011, 'Santa Cruz Michapa, Cuscatlan'),
(1012, 'San Bartolome Perulapia, Cuscatlan'),
(1013, 'San Ramon, Cuscatlan'),
(1014, 'El Rosario, Cuscatlan'),
(1015, 'Oratorio De Concepcion, Cuscatlan'),
(1016, 'Santa Cruz Analquito, Cuscatlan'),
(1101, 'Ahuachapan, Ahuachapan'),
(1102, 'Atiquizaya, Ahuachapan'),
(1103, 'San Francisco Menendez, Ahuachapan'),
(1104, 'Tacuba, Ahuachapan'),
(1105, 'Concepcion De Ataco, Ahuachapan'),
(1106, 'Jujutla, Ahuachapan'),
(1107, 'Guaymango, Ahuachapan'),
(1108, 'Apaneca, Ahuachapan'),
(1109, 'San Pedro Puxtla, Ahuachapan'),
(1110, 'San Lorenzo, Ahuachapan'),
(1111, 'Turin, Ahuachapan'),
(1112, 'El Refugio, Ahuachapan'),
(1201, 'San Francisco Gotera, Morazan'),
(1202, 'Jocoro, Morazan'),
(1203, 'Corinto, Morazan'),
(1204, 'Sociedad, Morazan'),
(1205, 'Cacaopera, Morazan'),
(1206, 'Guatajiagua, Morazan'),
(1207, 'El Divisadero, Morazan'),
(1208, 'Jocoaitique, Morazan'),
(1209, 'Osicala, Morazan'),
(1210, 'Chilanga, Morazan'),
(1211, 'Meanguera, Morazan'),
(1212, 'Torola, Morazan'),
(1213, 'San Simon, Morazan'),
(1214, 'Delicias De Concepcion, Morazan'),
(1215, 'Joateca, Morazan'),
(1216, 'Arambala, Morazan'),
(1217, 'Lolotiquillo, Morazan'),
(1218, 'Yamabal, Morazan'),
(1219, 'Yoloaiquin, Morazan'),
(1220, 'San Carlos, Morazan'),
(1221, 'El Rosario, Morazan'),
(1222, 'Perquin, Morazan'),
(1223, 'Sensembra, Morazan'),
(1224, 'Gualococti, Morazan'),
(1225, 'San Fernando, Morazan'),
(1226, 'San Isidro, Morazan'),
(1301, 'San Vicente, San Vicente'),
(1302, 'Tecoluca, San Vicente'),
(1303, 'San Sebastian, San Vicente'),
(1304, 'Apastepeque, San Vicente'),
(1305, 'San Esteban Catarina, San Vicente'),
(1306, 'San Ildefonso, San Vicente'),
(1307, 'Santa Clara, San Vicente'),
(1308, 'San Lorenzo, San Vicente'),
(1309, 'Verapaz, San Vicente'),
(1310, 'Guadalupe, San Vicente'),
(1311, 'Santo Domingo, San Vicente'),
(1312, 'San Cayetano Istepeque, San Vicente'),
(1313, 'Tepetitan, San Vicente'),
(1401, 'Sensuntepeque, Cabañas'),
(1402, 'Ilobasco, Cabañas'),
(1403, 'Victoria, Cabañas'),
(1404, 'San Isidro, Cabañas'),
(1405, 'Jutiapa, Cabañas'),
(1406, 'Tejutepeque, Cabañas'),
(1407, 'Dolores, Cabañas'),
(1408, 'Cinquera, Cabañas'),
(1409, 'Guacotecti, Cabañas'),
(1501, 'Residentes En El Exterior, Res. Exterior');

# SAN MIGUEL
INSERT INTO `usuarios` (`email`, `nombre`, `password`, `institucion_id_fk`) VALUES
('admin2@sanmiguel.com', 'Usuario 2', '123456', 1),
('admin3@sanmiguel.com', 'Usuario 3', '123456', 1),
('admin4@sanmiguel.com', 'Usuario 4', '123456', 1),
('admin5@sanmiguel.com', 'Usuario 5', '123456', 1),
('admin6@sanmiguel.com', 'Usuario 6', '123456', 1);

INSERT INTO giros (nombre, institucion_id_fk) VALUES
('Venta y Reparacion de Celulares', 1),
('Venta de Frutas- Verduras', 1),
('Venta de Productos Lacteos', 1),
('Venta de Ropa', 1),
('Venta de Calzado', 1),
('Venta de Cosmeticos y Miscelaneos', 1),
('Venta de Productos Varios', 1),
('Venta de Especies', 1),
('Comedor', 1),
('Venta de Pan', 1),
('Venta de Productos Carnicos', 1),
('Venta de Cereales', 1),
('Venta de Cafe', 1),
('Venta de Medicina Natural', 1),
('Venta de Productos Mariscos', 1),
('Venta de Bisuteria', 1),
('Venta de Productos de Cuero', 1),
('Venta de Productos Plasticos y Miscelaneos', 1),
('Venta de Artesanias', 1),
('Venta de Tortillas', 1),
('Venta de Flores', 1),
('Venta de Productos Artesanales', 1),
('Venta de Velas y Miscelaneos', 1),
('Venta de Productos Electronicos', 1),
('Venta de Productos Varios', 1);

INSERT  INTO tarifas (codigo_presup, descripcion, precio_unitario, referencia, vigencia, institucion_id_fk) VALUES
(12115999, 'Vendedor Ambulante', 0.12, NULL, '2016-06-01', 1),
(12115999, 'Vendedor Ambulante', 0.5, NULL, '2016-06-01', 2),
(12115999, 'Vendedor Ambulante', 0.5, NULL, '2016-06-01', 3),
(12115001, 'Puesto Fijo Techado', 0.72, NULL, '2000-01-01', 1),
(12115002, 'Puesto Fijo Transitorio', 0.12, NULL, '2000-01-01', 1);

INSERT INTO sectores (nombre, institucion_id_fk) VALUES
('Mercado #1', 1),
('Mercado #2', 1),
('Mercado #3 - Seccion #1', 1),
('Mercado #3 - Seccion #2', 1),
('Mercado #4 - Seccion #1', 1),
('Mercado #4 - Seccion #2', 1),
('Mercado #5', 1),
('Mercado #6', 1),
('Mercado Calle Chaparrastique', 1),
('Mercado Parque Barrios', 1),
('Mercado Calles y Avenidas', 1),
('Mercado Ambulante', 1),
('Mercado Parqueo Municipal', 1),
('Mercado Ruta Externa', 1);

# Contribuyentes del Mercado #1 de San Miguel

INSERT INTO contribuyentes (dui, nit, apellidos, codigo_cta, direccion, fecha_creacion, nombres, telefono_principal, telefono_secundario, institucion_id_fk, municipio_id_fk) VALUES
( '01665582-1', NULL, 'Galeas de Veliz', 'MM01004', NULL, '0000-00-00 00:00:00.000000', 'Marina Isabel', NULL, NULL, 1, 301),
( '01166972-8', NULL, 'Marquez', 'MM01005', NULL, '0000-00-00 00:00:00.000000', 'Maria Antonia', NULL, NULL, 1, 301),
( '01166972-8', NULL, 'Marquez', 'MM01006', NULL, '0000-00-00 00:00:00.000000', 'Maria Antonia', NULL, NULL, 1, 301),
( '03968075-6', NULL, 'Alvarez', 'MM01007', NULL, '0000-00-00 00:00:00.000000', 'Maria', NULL, NULL, 1, 301),
( '03968075-6', NULL, 'Lao de Orantes', 'MM01008', NULL, '0000-00-00 00:00:00.000000', 'Doris Antonieta', NULL, NULL, 1, 301),
( '03968075-6', NULL, 'Lao de Orantes', 'MM01009', NULL, '0000-00-00 00:00:00.000000', 'Doris Antonieta', NULL, NULL, 1, 301),
( '00407664-7', NULL, 'Velis Rivera', 'MM01010', NULL, '0000-00-00 00:00:00.000000', 'Miguel Alonso', NULL, NULL, 1, 301),
( '02302830-2', NULL, 'Lizama vda. De Granada', 'MM01011', NULL, '0000-00-00 00:00:00.000000', 'Nelly', NULL, NULL, 1, 301),
( '03907944-2', NULL, 'Bonilla', 'MM01012', NULL, '0000-00-00 00:00:00.000000', 'Miguel Angel', NULL, NULL, 1, 301),
( '02838330-9', NULL, 'Lizama vda. De Granada', 'MM01013', NULL, '0000-00-00 00:00:00.000000', 'Nelly', NULL, NULL, 1, 301),
( '01949533-5', NULL, 'Hernandez Miranda', 'MM01014', NULL, '0000-00-00 00:00:00.000000', 'Alejandro Jose', NULL, NULL, 1, 301),
( '02399283-6', NULL, 'Chicas de Ramirez', 'MM01015', NULL, '0000-00-00 00:00:00.000000', 'Maria Julia', NULL, NULL, 1, 301),
( '02897005-9', NULL, 'Moreno Martínez', 'MM01016', NULL, '0000-00-00 00:00:00.000000', 'Ana María', NULL, NULL, 1, 301),
( '00249519-6', NULL, 'Galeas', 'MM01017', NULL, '0000-00-00 00:00:00.000000', 'Rosa Candida', NULL, NULL, 1, 301),
( '02758835-4', NULL, 'Juarez', 'MM01018', NULL, '0000-00-00 00:00:00.000000', 'Agustin', NULL, NULL, 1, 301),
( '00024047-2', NULL, 'Solorzano Perez', 'MM01019', NULL, '0000-00-00 00:00:00.000000', 'Veronica Arely', NULL, NULL, 1, 301),
( '01997029-4', NULL, 'Monterrosa de Ventura', 'MM01020', NULL, '0000-00-00 00:00:00.000000', 'Rosa Antonieta', NULL, NULL, 1, 301),
( '01997029-4', NULL, 'Monterrosa de Ventura', 'MM01021', NULL, '0000-00-00 00:00:00.000000', 'Rosa Antonieta', NULL, NULL, 1, 301),
( '01997029-4', NULL, 'Monterrosa de Ventura', 'MM01022', NULL, '0000-00-00 00:00:00.000000', 'Rosa Antonieta', NULL, NULL, 1, 301),
( NULL, NULL, 'Solorzano de Herrera', 'MM01023', NULL, '0000-00-00 00:00:00.000000', 'Deysi Aracely', NULL, NULL, 1, 301),
( '03063802-9', NULL, 'Morejon vda. De Ibarra', 'MM01024', NULL, '0000-00-00 00:00:00.000000', 'Gloria Beralice', NULL, NULL, 1, 301),
( '02758835-4', NULL, 'Juarez', 'MM01025', NULL, '0000-00-00 00:00:00.000000', 'Agustin', NULL, NULL, 1, 301),
( '02758835-5', NULL, 'Juarez', 'MM01026', NULL, '0000-00-00 00:00:00.000000', 'Agustin', NULL, NULL, 1, 301),
( '00242539-5', NULL, 'Gavidia', 'MM01027', NULL, '0000-00-00 00:00:00.000000', 'Maria Magdalena', NULL, NULL, 1, 301),
( '01715535-3', NULL, 'Zaldivar Estrada', 'MM01028', NULL, '0000-00-00 00:00:00.000000', 'Delmy del Carmen', NULL, NULL, 1, 301),
( '01715535-4', NULL, 'Zaldivar Estrada', 'MM01029', NULL, '0000-00-00 00:00:00.000000', 'Delmy del Carmen', NULL, NULL, 1, 301),
( '01715535-5', NULL, 'Zaldivar Estrada', 'MM01030', NULL, '0000-00-00 00:00:00.000000', 'Delmy del Carmen', NULL, NULL, 1, 301),
( '02805776-2', NULL, 'Cruz', 'MM01031', NULL, '0000-00-00 00:00:00.000000', 'Reina Isabel', NULL, NULL, 1, 301),
( '03529905-8', NULL, 'Joya Granados', 'MM01032', NULL, '0000-00-00 00:00:00.000000', 'Adela', NULL, NULL, 1, 301),
( '02968389-1', NULL, 'Miranda de Gomez', 'MM01033', NULL, '0000-00-00 00:00:00.000000', 'Aracely', NULL, NULL, 1, 301),
( '02968389-2', NULL, 'Miranda de Gomez', 'MM01034', NULL, '0000-00-00 00:00:00.000000', 'Aracely', NULL, NULL, 1, 301),
( '02968389-3', NULL, 'Miranda de Gomez', 'MM01035', NULL, '0000-00-00 00:00:00.000000', 'Aracely', NULL, NULL, 1, 301),
( '02968389-4', NULL, 'Miranda de Gomez', 'MM01036', NULL, '0000-00-00 00:00:00.000000', 'Aracely', NULL, NULL, 1, 301),
( '02968389-5', NULL, 'Miranda de Gomez', 'MM01037', NULL, '0000-00-00 00:00:00.000000', 'Aracely', NULL, NULL, 1, 301),
( '02968389-6', NULL, 'Miranda de Gomez', 'MM01038', NULL, '0000-00-00 00:00:00.000000', 'Aracely', NULL, NULL, 1, 301),
( '02968389-7', NULL, 'Miranda de Gomez', 'MM01039', NULL, '0000-00-00 00:00:00.000000', 'Aracely', NULL, NULL, 1, 301),
( '02968389-8', NULL, 'Miranda de Gomez', 'MM01040', NULL, '0000-00-00 00:00:00.000000', 'Aracely', NULL, NULL, 1, 301),
( '02968389-9', NULL, 'Miranda de Gomez', 'MM01041', NULL, '0000-00-00 00:00:00.000000', 'Aracely', NULL, NULL, 1, 301),
( '02968389-1', NULL, 'Miranda de Gomez', 'MM01042', NULL, '0000-00-00 00:00:00.000000', 'Aracely', NULL, NULL, 1, 301),
( '02835145-9', NULL, 'Bermudez Guzman', 'MM01043', NULL, '0000-00-00 00:00:00.000000', 'Roxana Maribel', NULL, NULL, 1, 301),
( '02758835-4', NULL, 'Juarez', 'MM01044', NULL, '0000-00-00 00:00:00.000000', 'Agustin', NULL, NULL, 1, 301),
( '01985074-7', NULL, 'Solorzano de Yanes', 'MM01045', NULL, '0000-00-00 00:00:00.000000', 'Olga Esperanza', NULL, NULL, 1, 301),
( '02224293-7', NULL, 'Solorzano de Mineros', 'MM01046', NULL, '0000-00-00 00:00:00.000000', 'Gerardina', NULL, NULL, 1, 301),
( '02442703-8', NULL, 'Campos', 'MM01047', NULL, '0000-00-00 00:00:00.000000', 'Dora Angelina', NULL, NULL, 1, 301),
( '03063802-9', NULL, 'Morejon vda. De Ibarra', 'MM01048', NULL, '0000-00-00 00:00:00.000000', 'Gloria Beralice', NULL, NULL, 1, 301),
( '04763608-8', NULL, 'Velasquez de Delgado', 'MM01049', NULL, '0000-00-00 00:00:00.000000', 'Maria Josefina', NULL, NULL, 1, 301),
( '02442703-8', NULL, 'Delgado Fuentes', 'MM01050', NULL, '0000-00-00 00:00:00.000000', 'Transito Abigadil', NULL, NULL, 1, 301),
( '02710397-1', NULL, 'Cruz', 'MM01051', NULL, '0000-00-00 00:00:00.000000', 'Maria de la Paz', NULL, NULL, 1, 301),
( '02359519-7', NULL, 'Muñoz Vichez', 'MM01052', NULL, '0000-00-00 00:00:00.000000', 'Gregorio de Jesus Armando', NULL, NULL, 1, 301),
( '03610042-2', NULL, 'Mondragon Campos', 'MM01053', NULL, '0000-00-00 00:00:00.000000', 'Nora del Carmen', NULL, NULL, 1, 301),
( '02710347-1', NULL, 'Guardado', 'MM01054', NULL, '0000-00-00 00:00:00.000000', 'Mercedes Miranda', NULL, NULL, 1, 301),
( '01576801-1', NULL, 'Salgado de Vasquez', 'MM01055', NULL, '0000-00-00 00:00:00.000000', 'Maria de la Paz', NULL, NULL, 1, 301),
( '01654282-4', NULL, 'Romero', 'MM01056', NULL, '0000-00-00 00:00:00.000000', 'Rosa Angelica', NULL, NULL, 1, 301),
( '00941883-6', NULL, 'Salgado de Vasquez', 'MM01057', NULL, '0000-00-00 00:00:00.000000', 'Maria de la Paz', NULL, NULL, 1, 301),
( '03660602-6', NULL, 'Membreño Wembes', 'MM01058', NULL, '0000-00-00 00:00:00.000000', 'Raul', NULL, NULL, 1, 301),
( '00485227-1', NULL, 'Salgado', 'MM01059', NULL, '0000-00-00 00:00:00.000000', 'Carlos Humberto', NULL, NULL, 1, 301),
( '02478943-0', NULL, 'Benitez de Membreño', 'MM01060', NULL, '0000-00-00 00:00:00.000000', 'Maria Agustina', NULL, NULL, 1, 301),
( '03660602-6', NULL, 'Membreño Wembes', 'MM01061', NULL, '0000-00-00 00:00:00.000000', 'Raul', NULL, NULL, 1, 301),
( '03660602-6', NULL, 'Membreño Wembes', 'MM01062', NULL, '0000-00-00 00:00:00.000000', 'Raul', NULL, NULL, 1, 301),
( '03660602-6', NULL, 'Membreño Wembes', 'MM01063', NULL, '0000-00-00 00:00:00.000000', 'Raul', NULL, NULL, 1, 301),
( '1959917-1', NULL, 'Benitez', 'MM01064', NULL, '0000-00-00 00:00:00.000000', 'Zoila Esperanza', NULL, NULL, 1, 301),
( '05592736-2', NULL, 'Herrera Solorzano', 'MM01065', NULL, '0000-00-00 00:00:00.000000', 'Krissia Ivonne', NULL, NULL, 1, 301),
( '01873542-5', NULL, 'Guevara', 'MM01066', NULL, '0000-00-00 00:00:00.000000', 'Ermenegildo', NULL, NULL, 1, 301),
( '01873542-5', NULL, 'Guevara', 'MM01067', NULL, '0000-00-00 00:00:00.000000', 'Ermenegildo', NULL, NULL, 1, 301),
( '03682477-5', NULL, 'Cruz', 'MM01068', NULL, '0000-00-00 00:00:00.000000', 'Reina Isabel', NULL, NULL, 1, 301),
( '02763354-7', NULL, 'Amaya Gaitan', 'MM01069', NULL, '0000-00-00 00:00:00.000000', 'Aida Jeaneth', NULL, NULL, 1, 301),
( '02887061-5', NULL, 'Gaitan vda de Amaya', 'MM01070', NULL, '0000-00-00 00:00:00.000000', 'Adriana', NULL, NULL, 1, 301),
( '02887061-5', NULL, 'Amaya de Martinez', 'MM01071', NULL, '0000-00-00 00:00:00.000000', 'Susana Iveth', NULL, NULL, 1, 301),
( NULL, NULL, 'Castellon', 'MM01072', NULL, '0000-00-00 00:00:00.000000', 'Jose Tomas', NULL, NULL, 1, 301),
( '04776728-7', NULL, 'Gonzalez', 'MM01073', NULL, '0000-00-00 00:00:00.000000', 'Ulisses', NULL, NULL, 1, 301),
( NULL, NULL, 'Cruz', 'MM01074', NULL, '0000-00-00 00:00:00.000000', 'Mercedes', NULL, NULL, 1, 301),
( '04763608-8', NULL, 'Blanco de Herrera', 'MM01075', NULL, '0000-00-00 00:00:00.000000', 'Iris Marisol', NULL, NULL, 1, 301),
( '04763608-8', NULL, 'Coca Gaitan', 'MM01076', NULL, '0000-00-00 00:00:00.000000', 'Alicia', NULL, NULL, 1, 301),
( '02211766-1', NULL, 'Coca Gaitan', 'MM01077', NULL, '0000-00-00 00:00:00.000000', 'Alicia', NULL, NULL, 1, 301),
( '00495023-1', NULL, 'Villatoro de Cañas', 'MM01078', NULL, '0000-00-00 00:00:00.000000', 'Floris Daysis', NULL, NULL, 1, 301),
( '02830231-1', NULL, 'Villatoro de Cañas', 'MM01079', NULL, '0000-00-00 00:00:00.000000', 'Floris Daysis', NULL, NULL, 1, 301),
( '02830231-1', NULL, 'Villatoro de Cañas', 'MM01080', NULL, '0000-00-00 00:00:00.000000', 'Floris Daysis', NULL, NULL, 1, 301),
( '00435917-6', NULL, 'Cañas Villatoro', 'MM01081', NULL, '0000-00-00 00:00:00.000000', 'William Ernesto', NULL, NULL, 1, 301),
( '00435917-7', NULL, 'Cañas Villatoro', 'MM01082', NULL, '0000-00-00 00:00:00.000000', 'William Ernesto', NULL, NULL, 1, 301),
( '02211766-1', NULL, 'Cañas de Sorto', 'MM01083', NULL, '0000-00-00 00:00:00.000000', 'Erika Ivone', NULL, NULL, 1, 301),
( '02211766-2', NULL, 'Cañas de Sorto', 'MM01084', NULL, '0000-00-00 00:00:00.000000', 'Erika Ivone', NULL, NULL, 1, 301),
( '01435230-4', NULL, 'Moreno', 'MM01085', NULL, '0000-00-00 00:00:00.000000', 'Rosavinda', NULL, NULL, 1, 301),
( '01435230-4', NULL, 'Moreno', 'MM01086', NULL, '0000-00-00 00:00:00.000000', 'Rosavinda', NULL, NULL, 1, 301),
( '03296051-1', NULL, 'Benitez', 'MM01087', NULL, '0000-00-00 00:00:00.000000', 'Zoila Esperanza', NULL, NULL, 1, 301),
( '03660602-6', NULL, 'Membreño Wembes', 'MM01088', NULL, '0000-00-00 00:00:00.000000', 'Raul', NULL, NULL, 1, 301),
( '03660602-6', NULL, 'Membreño Wembes', 'MM01089', NULL, '0000-00-00 00:00:00.000000', 'Raul', NULL, NULL, 1, 301),
( '04398762-3', NULL, 'Salgado de Vasquez', 'MM01090', NULL, '0000-00-00 00:00:00.000000', 'Maria de la Paz', NULL, NULL, 1, 301),
( '03107126-2', NULL, 'Vasquez Canizalez', 'MM01091', NULL, '0000-00-00 00:00:00.000000', 'Arnoldo Rene', NULL, NULL, 1, 301),
( '03107126-2', NULL, 'Vasquez Canizalez', 'MM01092', NULL, '0000-00-00 00:00:00.000000', 'Arnoldo Rene', NULL, NULL, 1, 301),
( '03107126-2', NULL, 'Vasquez Canizalez', 'MM01093', NULL, '0000-00-00 00:00:00.000000', 'Arnoldo Rene', NULL, NULL, 1, 301),
( '02125948-6', NULL, 'Salgado', 'MM01094', NULL, '0000-00-00 00:00:00.000000', 'Maria del Carmen', NULL, NULL, 1, 301),
( '02125948-6', NULL, 'Salgado', 'MM01095', NULL, '0000-00-00 00:00:00.000000', 'Maria del Carmen', NULL, NULL, 1, 301),
( '00547514-5', NULL, 'Vasquez Canizalez', 'MM01096', NULL, '0000-00-00 00:00:00.000000', 'Arnoldo Rene', NULL, NULL, 1, 301),
( '00435917-6', NULL, 'Vargas de Castro', 'MM01097', NULL, '0000-00-00 00:00:00.000000', 'Ana Alicia', NULL, NULL, 1, 301),
( '00435917-6', NULL, 'Vargas de Castro', 'MM01098', NULL, '0000-00-00 00:00:00.000000', 'Ana Alicia', NULL, NULL, 1, 301),
( '02516847-5', NULL, 'Barrientos de Claros', 'MM01099', NULL, '0000-00-00 00:00:00.000000', 'Nerys Ivania', NULL, NULL, 1, 301),
( '02516847-5', NULL, 'Barrientos de Claros', 'MM01100', NULL, '0000-00-00 00:00:00.000000', 'Nerys Ivania', NULL, NULL, 1, 301),
( '05484739-3', NULL, 'Claro de Sorto', 'MM01101', NULL, '0000-00-00 00:00:00.000000', 'Nidia Carolina', NULL, NULL, 1, 301),
( '02385738-5', NULL, 'Nuñez vda de Villatoro', 'MM01102', NULL, '0000-00-00 00:00:00.000000', 'Maria Magdalena', NULL, NULL, 1, 301),
( NULL, NULL, 'Claro de Sorto', 'MM01103', NULL, '0000-00-00 00:00:00.000000', 'Nidia Carolina', NULL, NULL, 1, 301),
( '02385738-5', NULL, 'Nuñez vda de Villatoro', 'MM01104', NULL, '0000-00-00 00:00:00.000000', 'Maria Magdalena', NULL, NULL, 1, 301),
( NULL, NULL, 'Melendez Arevalo', 'MM01105', NULL, '0000-00-00 00:00:00.000000', 'Sergio Anibal', NULL, NULL, 1, 301),
( '03660602-6', NULL, 'Membreño Wembes', 'MM01106', NULL, '0000-00-00 00:00:00.000000', 'Raul', NULL, NULL, 1, 301),
( NULL, NULL, 'Centeno Vargas', 'MM01107', NULL, '0000-00-00 00:00:00.000000', 'Yeimi Marisol', NULL, NULL, 1, 301),
( NULL, NULL, 'Carranza Vda de Ventura', 'MM01108', NULL, '0000-00-00 00:00:00.000000', 'Rosa Hilda', NULL, NULL, 1, 301),
( '01436879-4', NULL, 'Gonzalez de Villatoro', 'MM01109', NULL, '0000-00-00 00:00:00.000000', 'Lorena Patricia', NULL, NULL, 1, 301),
( '01436879-4', NULL, 'Gonzalez de Villatoro', 'MM01110', NULL, '0000-00-00 00:00:00.000000', 'Lorena Patricia', NULL, NULL, 1, 301),
( '01436879-4', NULL, 'Gonzalez de Villatoro', 'MM01111', NULL, '0000-00-00 00:00:00.000000', 'Lorena Patricia', NULL, NULL, 1, 301),
( '02467286-4', NULL, 'Moya Ferman', 'MM01112', NULL, '0000-00-00 00:00:00.000000', 'Francisco Javier', NULL, NULL, 1, 301),
( '02467286-4', NULL, 'Moya Ferman', 'MM01113', NULL, '0000-00-00 00:00:00.000000', 'Francisco Javier', NULL, NULL, 1, 301),
( NULL, NULL, 'Gonzalez de Villatoro', 'MM01114', NULL, '0000-00-00 00:00:00.000000', 'Lorena Patricia', NULL, NULL, 1, 301),
( '02467286-4', NULL, 'Moya Ferman', 'MM01115', NULL, '0000-00-00 00:00:00.000000', 'Francisco Javier', NULL, NULL, 1, 301),
( '02467286-4', NULL, 'Moya Ferman', 'MM01116', NULL, '0000-00-00 00:00:00.000000', 'Francisco Javier', NULL, NULL, 1, 301),
( '02673536-2', NULL, 'Chavez', 'MM01117', NULL, '0000-00-00 00:00:00.000000', 'Jose Hernan', NULL, NULL, 1, 301),
( '02673536-2', NULL, 'Chavez', 'MM01118', NULL, '0000-00-00 00:00:00.000000', 'Jose Hernan', NULL, NULL, 1, 301),
( '02654638-1', NULL, 'Mendez Chavez', 'MM01119', NULL, '0000-00-00 00:00:00.000000', 'Imelda Lisseth', NULL, NULL, 1, 301),
( '02654638-1', NULL, 'Mendez Chavez', 'MM01120', NULL, '0000-00-00 00:00:00.000000', 'Imelda Lisseth', NULL, NULL, 1, 301),
( '08456726-8', NULL, 'Reyes Mendoza Campos', 'MM01121', NULL, '0000-00-00 00:00:00.000000', 'Francisco', NULL, NULL, 1, 301),
( '08456726-8', NULL, 'Reyes Mendoza Campos', 'MM01122', NULL, '0000-00-00 00:00:00.000000', 'Francisco', NULL, NULL, 1, 301),
( '04632773-3', NULL, 'Gonzalez de Villatoro', 'MM01123', NULL, '0000-00-00 00:00:00.000000', 'Lorena Patricia', NULL, NULL, 1, 301),
( '04632773-3', NULL, 'Gonzalez de Villatoro', 'MM01124', NULL, '0000-00-00 00:00:00.000000', 'Lorena Patricia', NULL, NULL, 1, 301),
( '02676836-2', NULL, 'Campos vda de Mendoza', 'MM01125', NULL, '0000-00-00 00:00:00.000000', 'Lorenza', NULL, NULL, 1, 301),
( '02863638-1', NULL, 'Galan de Solis', 'MM01126', NULL, '0000-00-00 00:00:00.000000', 'Nancy Carolina', NULL, NULL, 1, 301),
( '02654638-1', NULL, 'Vanegas de Acosta', 'MM01127', NULL, '0000-00-00 00:00:00.000000', 'Vilma Rosa', NULL, NULL, 1, 301),
( '02654638-1', NULL, 'Vanegas de Acosta', 'MM01128', NULL, '0000-00-00 00:00:00.000000', 'Vilma Rosa', NULL, NULL, 1, 301),
( '08456476-6', NULL, 'Vanegas', 'MM01129', NULL, '0000-00-00 00:00:00.000000', 'Miriam de la Paz', NULL, NULL, 1, 301),
( '04632773-3', NULL, 'Ortiz Vanegas', 'MM01130', NULL, '0000-00-00 00:00:00.000000', 'Jose Santos', NULL, NULL, 1, 301),
( '04632773-3', NULL, 'Sorto Cabrera', 'MM01131', NULL, '0000-00-00 00:00:00.000000', 'Enrique Amadeo', NULL, NULL, 1, 301),
( '04632773-3', NULL, 'Ortiz Vanegas', 'MM01132', NULL, '0000-00-00 00:00:00.000000', 'Jose Santos', NULL, NULL, 1, 301),
( '02654638-1', NULL, 'Bonilla Reyes', 'MM01133', NULL, '0000-00-00 00:00:00.000000', 'Ruth Iris', NULL, NULL, 1, 301),
( '02654638-1', NULL, 'Barrientos de Claros', 'MM01134', NULL, '0000-00-00 00:00:00.000000', 'Nerys Ivania', NULL, NULL, 1, 301),
( '02654638-1', NULL, 'Barrientos de Claros', 'MM01135', NULL, '0000-00-00 00:00:00.000000', 'Nerys Ivania', NULL, NULL, 1, 301),
( '02654638-1', NULL, 'Barrientos de Claros', 'MM01136', NULL, '0000-00-00 00:00:00.000000', 'Nerys Ivania', NULL, NULL, 1, 301),
( '02654638-1', NULL, 'Barrientos de Claros', 'MM01137', NULL, '0000-00-00 00:00:00.000000', 'Nerys Ivania', NULL, NULL, 1, 301),
( '04632773-3', NULL, 'Argueta Juarez', 'MM01138', NULL, '0000-00-00 00:00:00.000000', 'Jose del Transito', NULL, NULL, 1, 301),
( '02673886-2', NULL, 'Membreño Cruz', 'MM01139', NULL, '0000-00-00 00:00:00.000000', 'Ana Ruth', NULL, NULL, 1, 301),
( '02654638-1', NULL, 'Palma Nolasco', 'MM01140', NULL, '0000-00-00 00:00:00.000000', 'Silvia Marisol', NULL, NULL, 1, 301),
( '02654638-1', NULL, 'Palma Nolasco', 'MM01141', NULL, '0000-00-00 00:00:00.000000', 'Silvia Marisol', NULL, NULL, 1, 301),
( '08456726-8', NULL, 'Reyes de Quintanilla', 'MM01142', NULL, '0000-00-00 00:00:00.000000', 'Ana Leonor Matilde', NULL, NULL, 1, 301),
( '08456726-8', NULL, 'Crespo Cruz', 'MM01143', NULL, '0000-00-00 00:00:00.000000', 'Manuel de Jesus', NULL, NULL, 1, 301),
( '04632773-3', NULL, 'Flores', 'MM01144', NULL, '0000-00-00 00:00:00.000000', 'Maria Adelina', NULL, NULL, 1, 301),
( '04632773-3', NULL, 'Flores', 'MM01145', NULL, '0000-00-00 00:00:00.000000', 'Maria Adelina', NULL, NULL, 1, 301),
( '34765263-8', NULL, 'Moreno de Reyes', 'MM01146', NULL, '0000-00-00 00:00:00.000000', 'Angelica Maria', NULL, NULL, 1, 301),
( '34765263-8', NULL, 'Moreno de Reyes', 'MM01147', NULL, '0000-00-00 00:00:00.000000', 'Angelica Maria', NULL, NULL, 1, 301),
( '34765263-8', NULL, 'Moreno de Reyes', 'MM01148', NULL, '0000-00-00 00:00:00.000000', 'Angelica Maria', NULL, NULL, 1, 301),
( '34765263-8', NULL, 'Moreno de Reyes', 'MM01149', NULL, '0000-00-00 00:00:00.000000', 'Angelica Maria', NULL, NULL, 1, 301),
( '34765263-8', NULL, 'Moreno de Reyes', 'MM01150', NULL, '0000-00-00 00:00:00.000000', 'Angelica Maria', NULL, NULL, 1, 301),
( '01247628-6', NULL, 'Deras Dominguez', 'MM01151', NULL, '0000-00-00 00:00:00.000000', 'Ernesto Antonio', NULL, NULL, 1, 301),
( '01247628-6', NULL, 'Deras Dominguez', 'MM01152', NULL, '0000-00-00 00:00:00.000000', 'Ernesto Antonio', NULL, NULL, 1, 301),
( '00260034-4', NULL, 'Bayona Fuentes', 'MM01153', NULL, '0000-00-00 00:00:00.000000', 'Roberto', NULL, NULL, 1, 301),
( '00260034-5', NULL, 'Bayona Fuentes', 'MM01154', NULL, '0000-00-00 00:00:00.000000', 'Roberto', NULL, NULL, 1, 301),
( '02885482-6', NULL, 'Lazo Rodriguez', 'MM01155', NULL, '0000-00-00 00:00:00.000000', 'Ana Jeaneth', NULL, NULL, 1, 301),
( '02885482-6', NULL, 'Lazo Rodriguez', 'MM01156', NULL, '0000-00-00 00:00:00.000000', 'Ana Jeaneth', NULL, NULL, 1, 301),
( '02643728-4', NULL, 'Colindres de Ortiz', 'MM01157', NULL, '0000-00-00 00:00:00.000000', 'Brenda Haydee', NULL, NULL, 1, 301),
( '02643728-4', NULL, 'Colindres de Ortiz', 'MM01158', NULL, '0000-00-00 00:00:00.000000', 'Brenda Haydee', NULL, NULL, 1, 301),
( '02643728-4', NULL, 'Colindres de Ortiz', 'MM01159', NULL, '0000-00-00 00:00:00.000000', 'Brenda Haydee', NULL, NULL, 1, 301),
( '02643728-4', NULL, 'Colindres de Ortiz', 'MM01160', NULL, '0000-00-00 00:00:00.000000', 'Brenda Haydee', NULL, NULL, 1, 301),
( '02643728-5', NULL, 'Colindres de Ortiz', 'MM01161', NULL, '0000-00-00 00:00:00.000000', 'Brenda Haydee', NULL, NULL, 1, 301),
( '02643728-6', NULL, 'Colindres de Ortiz', 'MM01162', NULL, '0000-00-00 00:00:00.000000', 'Brenda Haydee', NULL, NULL, 1, 301),
( '02643728-7', NULL, 'Colindres de Ortiz', 'MM01163', NULL, '0000-00-00 00:00:00.000000', 'Brenda Haydee', NULL, NULL, 1, 301),
( '06846246-4', NULL, 'Zelaya', 'MM01164', NULL, '0000-00-00 00:00:00.000000', 'Jose Ezequiel', NULL, NULL, 1, 301),
( '06846246-5', NULL, 'Zelaya', 'MM01165', NULL, '0000-00-00 00:00:00.000000', 'Jose Ezequiel', NULL, NULL, 1, 301),
( '06846246-6', NULL, 'Zelaya', 'MM01166', NULL, '0000-00-00 00:00:00.000000', 'Jose Ezequiel', NULL, NULL, 1, 301),
( '02663423-6', NULL, 'Lazo Martinez', 'MM01167', NULL, '0000-00-00 00:00:00.000000', 'Nestor Alexander', NULL, NULL, 1, 301),
( '02663423-7', NULL, 'Lazo Martinez', 'MM01168', NULL, '0000-00-00 00:00:00.000000', 'Nestor Alexander', NULL, NULL, 1, 301),
( '02663423-8', NULL, 'Lazo Martinez', 'MM01169', NULL, '0000-00-00 00:00:00.000000', 'Nestor Alexander', NULL, NULL, 1, 301),
( '68234412-1', NULL, 'Roldan Diaz', 'MM01170', NULL, '0000-00-00 00:00:00.000000', 'Dolores Nohemi', NULL, NULL, 1, 301),
( '03462876-2', NULL, 'Lovos de Diaz', 'MM01171', NULL, '0000-00-00 00:00:00.000000', 'Ivon del Carmen', NULL, NULL, 1, 301);

# Rutas de San Miguel
INSERT INTO `rutas` (id, descripcion, nombre, institucion_id_fk, usuario_email_fk) VALUES
(1, NULL, 'Ruta #1', 1, 'admin@sanmiguel.com'),
(2, NULL, 'Ruta #2', 1, 'admin2@sanmiguel.com'),
(3, NULL, 'Ruta #3', 1, 'admin3@sanmiguel.com'),
(4, NULL, 'Ruta #4', 1, 'admin4@sanmiguel.com'),
(5, NULL, 'Ruta #5', 1, 'admin5@sanmiguel.com'),
(6, NULL, 'Ruta #6', 1, 'admin6@sanmiguel.com');

# Puestos de San Miguel
INSERT INTO `puestos` (id, estado, medida_calificacion, medida_compensa, medida_fondo, medida_frente, modulo, institucion_id_fk, sector_id_fk) VALUES
(1, 'DISPONIBLE', 5, 0, 1, 5, 'M01-001', 1, 1),
(2, 'DISPONIBLE', 5, 0, 1, 5, 'M01-002', 1, 1),
(3, 'DISPONIBLE', 5, 0, 1, 5, 'M01-003', 1, 1),
(4, 'ARRENDADO', 3, 0, 1, 5, 'M01-004', 1, 1),
(5, 'ARRENDADO', 3.5, 0, 2, 5, 'M01-005', 1, 1),
(6, 'ARRENDADO', 3.5, 0, 2, 5, 'M01-006', 1, 1),
(7, 'ARRENDADO', 12, 0, 1, 5, 'M01-007', 1, 1),
(8, 'ARRENDADO', 14.5, 0, 1, 5, 'M01-008', 1, 1),
(9, 'ARRENDADO', 14.5, 0, 1, 5, 'M01-009', 1, 1),
(10, 'ARRENDADO', 23, 0, 2, 3, 'M01-010', 1, 1),
(11, 'ARRENDADO', 16.5, 0, 2, 3, 'M01-011', 1, 1),
(12, 'ARRENDADO', 23, 0, 2, 3, 'M01-012', 1, 1),
(13, 'ARRENDADO', 16.5, 0, 2, 3, 'M01-013', 1, 1),
(14, 'ARRENDADO', 10, 0, 2, 3, 'M01-014', 1, 1),
(15, 'ARRENDADO', 10, 0, 2, 3, 'M01-015', 1, 1),
(16, 'ARRENDADO', 10, 0, 2, 3, 'M01-016', 1, 1),
(17, 'ARRENDADO', 23, 0, 1, 5, 'M01-017', 1, 1),
(18, 'ARRENDADO', 4.5, 0, 1, 5, 'M01-018', 1, 1),
(19, 'ARRENDADO', 7, 0, 1, 5, 'M01-019', 1, 1),
(20, 'ARRENDADO', 15.33, 0, 1, 5, 'M01-020', 1, 1),
(21, 'ARRENDADO', 15.33, 0, 1, 5, 'M01-021', 1, 1),
(22, 'ARRENDADO', 15.33, 0, 1, 5, 'M01-022', 1, 1),
(23, 'ARRENDADO', 5, 0, 2, 5, 'M01-023', 1, 1),
(24, 'ARRENDADO', 10, 0, 2, 5, 'M01-024', 1, 1),
(25, 'ARRENDADO', 4.5, 0, 1, 5, 'M01-025', 1, 1),
(26, 'ARRENDADO', 8, 0, 1, 5, 'M01-026', 1, 1),
(27, 'ARRENDADO', 1, 0, 1, 5, 'M01-027', 1, 1),
(28, 'ARRENDADO', 1, 0, 1, 5, 'M01-028', 1, 1),
(29, 'ARRENDADO', 0, 0, 1, 5, 'M01-029', 1, 1),
(30, 'ARRENDADO', 0, 0, 1, 5, 'M01-030', 1, 1),
(31, 'ARRENDADO', 4, 0, 1, 5, 'M01-031', 1, 1),
(32, 'ARRENDADO', 5, 0, 1, 5, 'M01-032', 1, 1),
(33, 'ARRENDADO', 0, 0, 1, 5, 'M01-033', 1, 1),
(34, 'ARRENDADO', 0, 0, 1, 5, 'M01-034', 1, 1),
(35, 'ARRENDADO', 0, 0, 2, 2, 'M01-035', 1, 1),
(36, 'ARRENDADO', 0, 0, 3, 5, 'M01-036', 1, 1),
(37, 'ARRENDADO', 0, 0, 2, 5, 'M01-037', 1, 1),
(38, 'ARRENDADO', 0, 0, 2, 8, 'M01-038', 1, 1),
(39, 'ARRENDADO', 0, 0, 2, 3, 'M01-039', 1, 1),
(40, 'ARRENDADO', 0, 0, 2, 5, 'M01-040', 1, 1),
(41, 'ARRENDADO', 0, 0, 2, 3, 'M01-041', 1, 1),
(42, 'ARRENDADO', 0, 0, 2, 3, 'M01-042', 1, 1),
(43, 'ARRENDADO', 5, 0, 2, 3, 'M01-043', 1, 1),
(44, 'ARRENDADO', 7, 0, 2, 3, 'M01-044', 1, 1),
(45, 'DISPONIBLE', 5, 0, 1, 5, 'M01-044A', 1, 1),
(46, 'ARRENDADO', 5, 0, 2, 3, 'M01-045', 1, 1),
(47, 'ARRENDADO', 5, 0, 2, 3, 'M01-046', 1, 1),
(48, 'ARRENDADO', 15, 0, 2, 3, 'M01-047', 1, 1),
(49, 'ARRENDADO', 10, 0, 2, 3, 'M01-048', 1, 1),
(50, 'ARRENDADO', 10, 0, 2, 3, 'M01-049', 1, 1),
(51, 'ARRENDADO', 15, 0, 2, 3, 'M01-050', 1, 1),
(52, 'ARRENDADO', 10, 0, 1, 5, 'M01-051', 1, 1),
(53, 'ARRENDADO', 10, 0, 1, 5, 'M01-052', 1, 1),
(54, 'ARRENDADO', 10, 0, 1, 5, 'M01-053', 1, 1),
(55, 'ARRENDADO', 10, 0, 1, 5, 'M01-054', 1, 1),
(56, 'ARRENDADO', 10, 0, 1, 5, 'M01-055', 1, 1),
(57, 'ARRENDADO', 16, 0, 1, 5, 'M01-056', 1, 1),
(58, 'ARRENDADO', 10, 0, 1, 9, 'M01-057', 1, 1),
(59, 'ARRENDADO', 10.71, 0, 3, 2.5, 'M01-058', 1, 1),
(60, 'ARRENDADO', 10, 0, 3, 2.5, 'M01-059', 1, 1),
(61, 'ARRENDADO', 10, 0, 2, 5.5, 'M01-060', 1, 1),
(62, 'ARRENDADO', 10.71, 0, 2, 5, 'M01-061', 1, 1),
(63, 'ARRENDADO', 10.71, 0, 2, 5, 'M01-062', 1, 1),
(64, 'ARRENDADO', 10.71, 0, 1, 5, 'M01-063', 1, 1),
(65, 'ARRENDADO', 10, 0, 1, 5, 'M01-064', 1, 1),
(66, 'ARRENDADO', 15, 0, 1, 5, 'M01-065', 1, 1),
(67, 'ARRENDADO', 3.5, 0, 1, 5, 'M01-066', 1, 1),
(68, 'ARRENDADO', 3.5, 0, 1, 5, 'M01-067', 1, 1),
(69, 'ARRENDADO', 4, 0, 1, 5, 'M01-068', 1, 1),
(70, 'ARRENDADO', 5, 0, 1, 5, 'M01-069', 1, 1),
(71, 'ARRENDADO', 5, 0, 1, 5, 'M01-070', 1, 1),
(72, 'DISPONIBLE', 10, 0, 2, 5, 'M01-070A', 1, 1),
(73, 'ARRENDADO', 2, 0, 2, 5, 'M01-071', 1, 1),
(74, 'ARRENDADO', 4, 0, 1, 5, 'M01-072', 1, 1),
(75, 'ARRENDADO', 4, 0, 1, 5, 'M01-073', 1, 1),
(76, 'ARRENDADO', 6, 0, 1, 5, 'M01-074', 1, 1),
(77, 'ARRENDADO', 4, 0, 2, 5, 'M01-075', 1, 1),
(78, 'ARRENDADO', 4, 0, 2, 5, 'M01-076', 1, 1),
(79, 'ARRENDADO', 4, 0, 3, 5, 'M01-077', 1, 1),
(80, 'ARRENDADO', 5.33, 0, 1, 6, 'M01-078', 1, 1),
(81, 'ARRENDADO', 5.33, 0, 1, 5, 'M01-079', 1, 1),
(82, 'ARRENDADO', 5.33, 0, 1, 5, 'M01-080', 1, 1),
(83, 'ARRENDADO', 5, 0, 1, 5, 'M01-081', 1, 1),
(84, 'ARRENDADO', 5, 0, 1, 5, 'M01-083', 1, 1),
(85, 'ARRENDADO', 10, 0, 2, 5, 'M01-085', 1, 1),
(86, 'ARRENDADO', 10, 0, 2, 5, 'M01-086', 1, 1),
(87, 'ARRENDADO', 12.5, 0, 2, 5, 'M01-091', 1, 1),
(88, 'ARRENDADO', 12.5, 0, 2, 5, 'M01-092', 1, 1),
(89, 'ARRENDADO', 12.5, 0, 2, 5, 'M01-093', 1, 1),
(90, 'ARRENDADO', 10, 0, 2, 5, 'M01-094', 1, 1),
(91, 'ARRENDADO', 10, 0, 2, 5, 'M01-095', 1, 1),
(92, 'ARRENDADO', 12.5, 0, 2, 5, 'M01-096', 1, 1),
(93, 'ARRENDADO', 5, 0, 1, 5, 'M01-097', 1, 1),
(94, 'ARRENDADO', 5, 0, 1, 5, 'M01-098', 1, 1),
(95, 'ARRENDADO', 5.83, 0, 1, 5.83, 'M01-099', 1, 1),
(96, 'ARRENDADO', 5.83, 0, 1, 5.83, 'M01-100', 1, 1),
(97, 'ARRENDADO', 10, 0, 2, 5, 'M01-101', 1, 1),
(98, 'ARRENDADO', 10, 0, 2, 5, 'M01-102', 1, 1),
(99, 'ARRENDADO', 10, 0, 2, 5, 'M01-103', 1, 1),
(100, 'ARRENDADO', 10, 0, 2, 5, 'M01-104', 1, 1),
(101, 'ARRENDADO', 10, 0, 1, 5, 'M01-105', 1, 1),
(102, 'ARRENDADO', 10, 0, 2, 5, 'M01-107', 1, 1),
(103, 'ARRENDADO', 10, 0, 2, 5, 'M01-108', 1, 1),
(104, 'ARRENDADO', 5.66, 0, 1, 5.66, 'M01-109', 1, 1),
(105, 'ARRENDADO', 5.66, 0, 1, 5.66, 'M01-110', 1, 1),
(106, 'ARRENDADO', 5.66, 0, 1, 5.66, 'M01-111', 1, 1),
(107, 'ARRENDADO', 11.5, 0, 1, 5.75, 'M01-112', 1, 1),
(108, 'ARRENDADO', 11.5, 0, 1, 5.75, 'M01-113', 1, 1),
(109, 'ARRENDADO', 5.66, 0, 1, 5.66, 'M01-114', 1, 1),
(110, 'ARRENDADO', 11.5, 0, 1, 5.75, 'M01-115', 1, 1),
(111, 'ARRENDADO', 11.5, 0, 1, 5.75, 'M01-116', 1, 1),
(112, 'ARRENDADO', 6, 0, 1, 6, 'M01-117', 1, 1),
(113, 'ARRENDADO', 6, 0, 1, 6, 'M01-118', 1, 1),
(114, 'ARRENDADO', 3.5, 0, 1, 3.5, 'M01-119', 1, 1),
(115, 'ARRENDADO', 3.5, 0, 1, 3.5, 'M01-120', 1, 1),
(116, 'ARRENDADO', 5, 0, 1, 5, 'M01-121', 1, 1),
(117, 'ARRENDADO', 5, 0, 1, 5, 'M01-122', 1, 1),
(118, 'ARRENDADO', 5.66, 0, 1, 5.66, 'M01-123', 1, 1),
(119, 'ARRENDADO', 5.66, 0, 1, 5.66, 'M01-124', 1, 1),
(120, 'ARRENDADO', 7, 0, 1, 7, 'M01-125', 1, 1),
(121, 'ARRENDADO', 10, 0, 2, 5, 'M01-126', 1, 1),
(122, 'ARRENDADO', 9.5, 0, 1, 9.5, 'M01-127', 1, 1),
(123, 'ARRENDADO', 9.5, 0, 1, 9.5, 'M01-128', 1, 1),
(124, 'ARRENDADO', 10, 0, 1, 5, 'M01-129', 1, 1),
(125, 'ARRENDADO', 10, 0, 2, 5, 'M01-130', 1, 1),
(126, 'ARRENDADO', 10, 0, 1, 10, 'M01-131', 1, 1),
(127, 'ARRENDADO', 10, 0, 2, 5, 'M01-132', 1, 1),
(128, 'ARRENDADO', 5, 0, 1, 5, 'M01-133', 1, 1),
(129, 'ARRENDADO', 5.83, 0, 1, 5.83, 'M01-134', 1, 1),
(130, 'ARRENDADO', 5.83, 0, 1, 5.83, 'M01-135', 1, 1),
(131, 'ARRENDADO', 5.83, 0, 1, 5.83, 'M01-136', 1, 1),
(132, 'ARRENDADO', 5.83, 0, 1, 5.85, 'M01-137', 1, 1),
(133, 'ARRENDADO', 5, 0, 1, 5, 'M01-138', 1, 1),
(134, 'ARRENDADO', 10, 0, 2, 5, 'M01-139', 1, 1),
(135, 'ARRENDADO', 7, 0, 1, 7, 'M01-140', 1, 1),
(136, 'ARRENDADO', 7, 0, 1, 7, 'M01-141', 1, 1),
(137, 'ARRENDADO', 4, 0, 1, 4, 'M01-142', 1, 1),
(138, 'ARRENDADO', 5, 0, 1, 5, 'M01-143', 1, 1),
(139, 'ARRENDADO', 5, 0, 1, 5, 'M01-144', 1, 1),
(140, 'ARRENDADO', 5, 0, 1, 5, 'M01-145', 1, 1),
(141, 'ARRENDADO', 9.6, 0, 1, 9.6, 'M01-146', 1, 1),
(142, 'ARRENDADO', 9.6, 0, 1, 9.6, 'M01-147', 1, 1),
(143, 'ARRENDADO', 9.6, 0, 1, 9.6, 'M01-148', 1, 1),
(144, 'ARRENDADO', 9.6, 0, 1, 9.6, 'M01-149', 1, 1),
(145, 'ARRENDADO', 9.6, 0, 1, 9.6, 'M01-150', 1, 1),
(146, 'ARRENDADO', 7, 0, 1, 7, 'M01-151', 1, 1),
(147, 'ARRENDADO', 7, 0, 1, 7, 'M01-152', 1, 1),
(148, 'ARRENDADO', 6, 0, 1, 6, 'M01-153', 1, 1),
(149, 'ARRENDADO', 2, 0, 1, 2, 'M01-155', 1, 1),
(150, 'ARRENDADO', 2, 0, 1, 2, 'M01-156', 1, 1),
(151, 'ARRENDADO', 5, 0, 1, 5, 'M01-157', 1, 1),
(152, 'ARRENDADO', 5, 0, 1, 5, 'M01-158', 1, 1),
(153, 'ARRENDADO', 5, 0, 1, 5, 'M01-159', 1, 1),
(154, 'ARRENDADO', 5, 0, 1, 5, 'M01-160', 1, 1),
(155, 'ARRENDADO', 5, 0, 1, 5, 'M01-164', 1, 1),
(156, 'ARRENDADO', 2, 0, 1, 2, 'M01-170', 1, 1),
(157, 'ARRENDADO', 3, 0, 1, 3, 'M01-171', 1, 1);

# Rutas-Puestos
INSERT INTO `rutas_puestos` (ruta_id, puestos_id) VALUES
(1, 1),
(1, 2),
(1, 3),
(1, 4),
(1, 5),
(1, 6),
(1, 7),
(1, 8),
(1, 9),
(1, 10),
(1, 11),
(1, 12),
(1, 13),
(1, 14),
(1, 15),
(1, 16),
(1, 17),
(1, 18),
(1, 19),
(1, 20),
(1, 21),
(1, 22),
(1, 23),
(1, 24),
(1, 25),
(2, 26),
(2, 27),
(2, 28),
(2, 29),
(2, 30),
(2, 31),
(2, 32),
(2, 33),
(2, 34),
(2, 35),
(2, 36),
(2, 37),
(2, 38),
(2, 39),
(2, 40),
(2, 41),
(2, 42),
(2, 43),
(2, 44),
(2, 45),
(2, 46),
(2, 47),
(2, 48),
(2, 49),
(2, 50),
(2, 51),
(3, 52),
(3, 53),
(3, 54),
(3, 55),
(3, 56),
(3, 57),
(3, 58),
(3, 59),
(3, 60),
(3, 61),
(3, 62),
(3, 63),
(3, 64),
(3, 65),
(3, 66),
(3, 67),
(3, 68),
(3, 69),
(3, 70),
(3, 71),
(3, 72),
(3, 73),
(3, 74),
(3, 75),
(3, 76),
(3, 77),
(4, 78),
(4, 79),
(4, 80),
(4, 81),
(4, 82),
(4, 83),
(4, 84),
(4, 85),
(4, 86),
(4, 87),
(4, 88),
(4, 89),
(4, 90),
(4, 91),
(4, 92),
(4, 93),
(4, 94),
(4, 95),
(4, 96),
(5, 97),
(5, 98),
(5, 99),
(5, 100),
(5, 101),
(5, 102),
(5, 103),
(5, 104),
(5, 105),
(5, 106),
(5, 107),
(5, 108),
(5, 109),
(5, 110),
(5, 111),
(5, 112),
(5, 113),
(5, 114),
(5, 115),
(5, 116),
(5, 117),
(5, 118),
(5, 119),
(5, 120),
(6, 121),
(6, 122),
(6, 123),
(6, 124),
(6, 125),
(6, 126),
(6, 127),
(6, 128),
(6, 129),
(6, 130),
(6, 131),
(6, 132),
(6, 133),
(6, 134),
(6, 135),
(6, 136),
(6, 137),
(6, 138),
(6, 139),
(6, 140),
(6, 141),
(6, 142),
(6, 143),
(6, 144),
(6, 145);

# Asignaciones de San Miguel

INSERT INTO `asignaciones` (codigo_presup, contrib_id_fk, fecha_egreso, fecha_ingreso, observaciones, ultimo_pago, giro_id_fk, institucion_id_fk, puesto_id_fk, puesto_egreso_fk) VALUES
(12115001, 1, NULL, '2019-06-01', NULL, '2019-05-31', 25, 1, 4, NULL),
(12115001, 2, NULL, '2019-06-01', NULL, '2019-05-31', 25, 1, 5, NULL),
(12115001, 2, NULL, '2019-06-01', NULL, '2019-05-31', 25, 1, 6, NULL),
(12115001, 3, NULL, '2019-06-01', NULL, '2019-05-31', 25, 1, 7, NULL),
(12115001, 4, NULL, '2019-06-01', NULL, '2019-05-31', 25, 1, 8, NULL),
(12115001, 5, NULL, '2019-06-01', NULL, '2019-05-31', 25, 1, 9, NULL),
(12115001, 6, NULL, '2019-06-01', NULL, '2019-05-31', 25, 1, 10, NULL),
(12115001, 7, NULL, '2019-06-01', NULL, '2019-05-31', 25, 1, 11, NULL),
(12115001, 8, NULL, '2019-06-01', NULL, '2019-05-31', 25, 1, 12, NULL),
(12115001, 9, NULL, '2019-06-01', NULL, '2019-05-31', 25, 1, 13, NULL),
(12115001, 10, NULL, '2018-11-01', NULL, '2018-10-31', 25, 1, 14, NULL),
(12115001, 11, NULL, '2019-06-01', NULL, '2019-05-31', 25, 1, 15, NULL),
(12115001, 12, NULL, '2019-06-01', NULL, '2019-05-31', 25, 1, 16, NULL),
(12115001, 13, NULL, '2019-06-01', NULL, '2019-05-31', 25, 1, 17, NULL),
(12115001, 14, NULL, '2019-06-01', NULL, '2019-05-31', 25, 1, 18, NULL),
(12115001, 15, NULL, '2019-06-01', NULL, '2019-05-31', 25, 1, 19, NULL),
(12115001, 16, NULL, '2019-06-01', NULL, '2019-05-31', 25, 1, 20, NULL),
(12115001, 17, NULL, '2019-06-01', NULL, '2019-05-31', 25, 1, 21, NULL),
(12115001, 18, NULL, '2019-06-01', NULL, '2019-05-31', 25, 1, 22, NULL),
(12115001, 19, NULL, '2019-06-01', NULL, '2019-05-31', 25, 1, 23, NULL),
(12115001, 20, NULL, '2019-06-01', NULL, '2019-05-31', 25, 1, 24, NULL),
(12115001, 21, NULL, '2019-06-01', NULL, '2019-05-31', 25, 1, 25, NULL),
(12115001,22 , NULL, '2019-06-01', NULL, '2019-05-31', 25, 1, 26, NULL),
(12115001, 23, NULL, '2019-06-01', NULL, '2019-05-31', 25, 1, 27, NULL),
(12115001, 24, NULL, '2019-06-01', NULL, '2019-05-31', 25, 1, 28, NULL),
(12115001, 25, NULL, '2019-06-01', NULL, '2019-05-31', 25, 1, 29, NULL),
(12115001, 26, NULL, '2019-06-01', NULL, '2019-05-31', 25, 1, 30, NULL),
(12115001, 27, NULL, '2019-06-01', NULL, '2019-05-31', 25, 1, 31, NULL),
(12115001, 28, NULL, '2019-06-01', NULL, '2019-05-31', 25, 1, 32, NULL),
(12115001, 29, NULL, '2019-06-01', NULL, '2019-05-31', 25, 1, 33, NULL),
(12115001, 30, NULL, '2019-06-01', NULL, '2019-05-31', 25, 1, 34, NULL),
(12115001, 31, NULL, '2019-06-01', NULL, '2019-05-31', 25, 1, 35, NULL),
(12115001, 32, NULL, '2019-06-01', NULL, '2019-05-31', 25, 1, 36, NULL),
(12115001, 33, NULL, '2019-06-01', NULL, '2019-05-31', 25, 1, 37, NULL),
(12115001, 34, NULL, '2019-06-01', NULL, '2019-05-31', 25, 1, 38, NULL),
(12115001, 35, NULL, '2019-06-01', NULL, '2019-05-31', 25, 1, 39, NULL),
(12115001, 36, NULL, '2019-06-01', NULL, '2019-05-31', 25, 1, 40, NULL),
(12115001, 37, NULL, '2019-06-01', NULL, '2019-05-31', 25, 1, 41, NULL),
(12115001, 38, NULL, '2019-06-01', NULL, '2019-05-31', 25, 1, 42, NULL),
(12115001, 39, NULL, '2019-04-01', NULL, '2019-03-31', 25, 1, 43, NULL),
(12115001, 40, NULL, '2019-06-01', NULL, '2019-05-31', 25, 1, 44, NULL),
(12115001, 41, NULL, '0000-00-00', NULL, '0000-00-00', 25, 1, 46, NULL),
(12115001, 42, NULL, '2019-04-01', NULL, '2019-03-31', 25, 1, 47, NULL),
(12115001, 43, NULL, '2019-06-01', NULL, '2019-05-31', 25, 1, 48, NULL),
(12115001, 44, NULL, '2019-06-01', NULL, '2019-05-31', 25, 1, 49, NULL),
(12115001, 45, NULL, '2019-06-01', NULL, '2019-05-31', 25, 1, 50, NULL),
(12115001, 46, NULL, '2019-06-01', NULL, '2019-05-31', 25, 1, 51, NULL),
(12115001, 47, NULL, '2019-06-01', NULL, '2019-05-31', 25, 1, 52, NULL),
(12115001, 48, NULL, '2019-06-01', NULL, '2019-05-31', 25, 1, 53, NULL),
(12115001, 49, NULL, '2019-06-01', NULL, '2019-05-31', 25, 1, 54, NULL),
(12115001, 50, NULL, '2019-06-01', NULL, '2019-05-31', 25, 1, 55, NULL),
(12115001, 51, NULL, '2019-06-01', NULL, '2019-05-31', 25, 1, 56, NULL),
(12115001, 52, NULL, '2019-06-01', NULL, '2019-05-31', 25, 1, 57, NULL),
(12115001, 53, NULL, '2019-06-01', NULL, '2019-05-31', 25, 1, 58, NULL),
(12115001, 54, NULL, '2019-06-01', NULL, '2019-05-31', 25, 1, 59, NULL),
(12115001, 55, NULL, '2019-06-01', NULL, '2019-05-31', 25, 1, 60, NULL),
(12115001, 56, NULL, '2019-06-01', NULL, '2019-05-31', 25, 1, 61, NULL),
(12115001, 57, NULL, '2019-06-01', NULL, '2019-05-31', 25, 1, 62, NULL),
(12115001, 58, NULL, '2019-06-01', NULL, '2019-05-31', 25, 1, 63, NULL),
(12115001, 59, NULL, '2019-06-01', NULL, '2019-05-31', 25, 1, 64, NULL),
(12115001, 60, NULL, '2019-06-01', NULL, '2019-05-31', 25, 1, 65, NULL),
(12115001, 61, NULL, '2019-06-01', NULL, '2019-05-31', 25, 1, 66, NULL),
(12115001, 62, NULL, '2019-06-01', NULL, '2019-05-31', 25, 1, 67, NULL),
(12115001, 63, NULL, '2019-06-01', NULL, '2019-05-31', 25, 1, 68, NULL),
(12115001, 64, NULL, '2019-06-01', NULL, '2019-05-31', 25, 1, 69, NULL),
(12115001, 65, NULL, '2019-06-01', NULL, '2019-05-31', 25, 1, 70, NULL),
(12115001, 66, NULL, '2019-06-01', NULL, '2019-05-31', 25, 1, 71, NULL),
(12115001, 67, NULL, '2019-06-01', NULL, '2019-05-31', 25, 1, 73, NULL),
(12115001, 68, NULL, '2019-06-01', NULL, '2019-05-31', 25, 1, 74, NULL),
(12115001, 69, NULL, '2019-06-01', NULL, '2019-05-31', 25, 1, 75, NULL),
(12115001, 70, NULL, '2019-06-01', NULL, '2019-05-31', 25, 1, 76, NULL),
(12115001, 71, NULL, '2019-06-01', NULL, '2019-05-31', 25, 1, 77, NULL),
(12115001, 72, NULL, '2019-06-01', NULL, '2019-05-31', 25, 1, 78, NULL),
(12115001, 73, NULL, '2019-06-01', NULL, '2019-05-31', 25, 1, 79, NULL),
(12115001, 74, NULL, '2019-06-01', NULL, '2019-05-31', 25, 1, 80, NULL),
(12115001, 75, NULL, '2019-06-01', NULL, '2019-05-31', 25, 1, 81, NULL),
(12115001, 76, NULL, '2019-06-01', NULL, '2019-05-31', 25, 1, 82, NULL),
(12115001, 77, NULL, '2019-06-01', NULL, '2019-05-31', 25, 1, 83, NULL),
(12115001, 78, NULL, '2019-06-01', NULL, '2019-05-31', 25, 1, 84, NULL),
(12115001, 79, NULL, '2019-06-01', NULL, '2019-05-31', 25, 1, 85, NULL),
(12115001, 80, NULL, '2019-06-01', NULL, '2019-05-31', 25, 1, 86, NULL),
(12115001, 81, NULL, '2019-06-01', NULL, '2019-05-31', 25, 1, 87, NULL),
(12115001, 82, NULL, '2019-06-01', NULL, '2019-05-31', 25, 1, 88, NULL),
(12115001, 83, NULL, '2019-06-01', NULL, '2019-05-31', 25, 1, 89, NULL),
(12115001, 84, NULL, '2019-06-01', NULL, '2019-05-31', 25, 1, 90, NULL),
(12115001, 85, NULL, '2019-06-01', NULL, '2019-05-31', 25, 1, 91, NULL),
(12115001, 86, NULL, '2019-06-01', NULL, '2019-05-31', 25, 1, 92, NULL),
(12115001, 87, NULL, '2019-06-01', NULL, '2019-05-31', 25, 1, 93, NULL),
(12115001, 88, NULL, '2019-06-01', NULL, '2019-05-31', 25, 1, 94, NULL),
(12115001, 89, NULL, '2019-06-01', NULL, '2019-05-31', 25, 1, 95, NULL),
(12115001, 90, NULL, '2019-06-01', NULL, '2019-05-31', 25, 1, 96, NULL),
(12115001, 91, NULL, '2019-06-01', NULL, '2019-05-31', 25, 1, 97, NULL),
(12115001, 92, NULL, '2019-06-01', NULL, '2019-05-31', 25, 1, 98, NULL),
(12115001, 93, NULL, '2019-06-01', NULL, '2019-05-31', 25, 1, 99, NULL),
(12115001, 94, NULL, '2019-06-01', NULL, '2019-05-31', 25, 1, 100, NULL),
(12115001, 95, NULL, '2019-06-01', NULL, '2019-05-31', 25, 1, 101, NULL),
(12115001, 96, NULL, '2018-02-01', NULL, '2018-01-31', 25, 1, 102, NULL),
(12115001, 97, NULL, '2019-06-01', NULL, '2019-05-31', 25, 1, 103, NULL),
(12115001, 98, NULL, '2019-06-01', NULL, '2019-05-31', 25, 1, 104, NULL),
(12115001, 99, NULL, '2019-06-01', NULL, '2019-05-31', 25, 1, 105, NULL),
(12115001, 100, NULL, '2019-06-01', NULL, '2019-05-31', 25, 1, 106, NULL),
(12115001, 101, NULL, '2019-06-01', NULL, '2019-05-31', 25, 1, 107, NULL),
(12115001, 102, NULL, '2019-06-01', NULL, '2019-05-31', 25, 1, 108, NULL),
(12115001, 103, NULL, '2019-06-01', NULL, '2019-05-31', 25, 1, 109, NULL),
(12115001, 104, NULL, '2019-06-01', NULL, '2019-05-31', 25, 1, 110, NULL),
(12115001, 105, NULL, '2019-06-01', NULL, '2019-05-31', 25, 1, 111, NULL),
(12115001, 106, NULL, '2019-06-01', NULL, '2019-05-31', 25, 1, 112, NULL),
(12115001, 107, NULL, '2019-06-01', NULL, '2019-05-31', 25, 1, 113, NULL),
(12115001, 108, NULL, '2019-06-01', NULL, '2019-05-31', 25, 1, 114, NULL),
(12115001, 109, NULL, '2019-06-01', NULL, '2019-05-31', 25, 1, 115, NULL),
(12115001, 110, NULL, '2018-07-01', NULL, '2018-06-30', 25, 1, 116, NULL),
(12115001, 111, NULL, '2018-07-01', NULL, '2018-06-30', 25, 1, 117, NULL),
(12115001, 112, NULL, '2019-06-01', NULL, '2019-05-31', 25, 1, 118, NULL),
(12115001, 113, NULL, '2019-06-01', NULL, '2019-05-31', 25, 1, 119, NULL),
(12115001, 114, NULL, '2017-07-01', NULL, '2017-06-30', 25, 1, 120, NULL),
(12115001, 115, NULL, '2019-06-01', NULL, '2019-05-31', 25, 1, 121, NULL),
(12115001, 116, NULL, '2019-06-01', NULL, '2019-05-31', 25, 1, 122, NULL),
(12115001, 117, NULL, '2019-06-01', NULL, '2019-05-31', 25, 1, 123, NULL),
(12115001, 118, NULL, '2019-06-01', NULL, '2019-05-31', 25, 1, 124, NULL),
(12115001, 119, NULL, '2019-06-01', NULL, '2019-05-31', 25, 1, 125, NULL),
(12115001, 120, NULL, '2019-06-01', NULL, '2019-05-31', 25, 1, 126, NULL),
(12115001, 121, NULL, '2019-06-01', NULL, '2019-05-31', 25, 1, 127, NULL),
(12115001, 122, NULL, '2019-06-01', NULL, '2019-05-31', 25, 1, 128, NULL),
(12115001, 122, NULL, '2019-06-01', NULL, '2019-05-31', 25, 1, 129, NULL),
(12115001, 123, NULL, '2019-06-01', NULL, '2019-05-31', 25, 1, 130, NULL),
(12115001, 124, NULL, '2019-06-01', NULL, '2019-05-31', 25, 1, 131, NULL),
(12115001, 125, NULL, '2019-06-01', NULL, '2019-05-31', 25, 1, 132, NULL),
(12115001, 126, NULL, '2018-09-01', NULL, '2018-08-31', 25, 1, 133, NULL),
(12115001, 127, NULL, '2019-06-01', NULL, '2019-05-31', 25, 1, 134, NULL),
(12115001, 128, NULL, '2019-06-01', NULL, '2019-05-31', 25, 1, 135, NULL),
(12115001, 129, NULL, '2019-06-01', NULL, '2019-05-31', 25, 1, 136, NULL),
(12115001, 130, NULL, '2019-06-01', NULL, '2019-05-31', 25, 1, 137, NULL),
(12115001, 131, NULL, '2019-06-01', NULL, '2019-05-31', 25, 1, 138, NULL),
(12115001, 132, NULL, '2019-06-01', NULL, '2019-05-31', 25, 1, 139, NULL),
(12115001, 132, NULL, '2019-06-01', NULL, '2019-05-31', 25, 1, 140, NULL),
(12115001, 133, NULL, '2019-06-01', NULL, '2019-05-31', 25, 1, 141, NULL),
(12115001, 134, NULL, '2019-06-01', NULL, '2019-05-31', 25, 1, 142, NULL),
(12115001, 135, NULL, '2019-06-01', NULL, '2019-05-31', 25, 1, 143, NULL),
(12115001, 136, NULL, '2019-06-01', NULL, '2019-05-31', 25, 1, 144, NULL),
(12115001, 137, NULL, '2019-06-01', NULL, '2019-05-31', 25, 1, 145, NULL),
(12115001, 138, NULL, '2019-06-01', NULL, '2019-05-31', 25, 1, 146, NULL),
(12115001, 139, NULL, '2019-06-01', NULL, '2019-05-31', 25, 1, 147, NULL),
(12115001, 140, NULL, '2019-06-01', NULL, '2019-05-31', 25, 1, 148, NULL),
(12115001, 141, NULL, '2019-06-01', NULL, '2019-05-31', 25, 1, 149, NULL),
(12115001, 142, NULL, '2019-06-01', NULL, '2019-05-31', 25, 1, 150, NULL),
(12115001, 143, NULL, '2019-06-01', NULL, '2019-05-31', 25, 1, 151, NULL),
(12115001, 144, NULL, '2019-06-01', NULL, '2019-05-31', 25, 1, 152, NULL),
(12115001, 145, NULL, '2019-06-01', NULL, '2019-05-31', 25, 1, 153, NULL),
(12115001, 146, NULL, '2019-06-01', NULL, '2019-05-31', 25, 1, 154, NULL),
(12115001, 147, NULL, '2019-06-01', NULL, '2019-05-31', 25, 1, 155, NULL),
(12115001, 148, NULL, '2019-06-01', NULL, '2019-05-31', 25, 1, 156, NULL),
(12115001, 149, NULL, '2019-06-01', NULL, '2019-05-31', 25, 1, 157, NULL);